# Observation period;TOA;Clear sky GHI;Clear sky BHI;Clear sky DHI;Clear sky BNI;GHI;BHI;DHI;BNI;Reliability
2024-02-22T00:00:00.0/2024-02-23T00:00:00.0;10466.1064;7177.6528;5320.0581;1857.5950;7142.5435;5996.6260;3011.6543;2984.9717;3929.7373;0.9844
2024-02-23T00:00:00.0/2024-02-24T00:00:00.0;10473.4551;7144.9062;5135.1929;2009.7135;6903.4604;1478.1262;26.4559;1451.6703;32.1846;0.9792
2024-02-24T00:00:00.0/2024-02-25T00:00:00.0;10480.3760;6993.4971;4727.0659;2266.4309;6236.9077;4544.1587;1328.1101;3216.0486;1986.1151;0.9795
2024-02-25T00:00:00.0/2024-02-26T00:00:00.0;10486.8545;7197.2593;5462.8115;1734.4480;7245.1807;6695.8931;4299.8340;2396.0596;5753.3481;0.9792
2024-02-26T00:00:00.0/2024-02-27T00:00:00.0;10492.8945;6849.9028;4435.7510;2414.1519;5720.4209;6281.2642;3353.4158;2927.8484;4391.9961;0.9844
2024-02-27T00:00:00.0/2024-02-28T00:00:00.0;10498.4912;6928.9458;4619.7031;2309.2429;6021.5596;6616.9897;3983.1492;2633.8406;5272.2881;0.9844
2024-02-28T00:00:00.0/2024-02-29T00:00:00.0;10503.6182;7035.9541;4851.4873;2184.4670;6331.8804;6696.1680;4205.9819;2490.1858;5474.1157;0.9844
2024-02-29T00:00:00.0/2024-03-01T00:00:00.0;10508.2646;6969.1309;4578.7417;2390.3894;6013.8809;1448.7836;109.7093;1339.0742;170.5690;0.9844
2024-03-01T00:00:00.0/2024-03-02T00:00:00.0;10512.4219;7101.4771;5116.7773;1984.6998;6754.2344;1965.6199;245.8530;1719.7668;519.4277;0.9847
2024-03-02T00:00:00.0/2024-03-03T00:00:00.0;10516.0410;7232.8198;5415.1064;1817.7131;7188.2944;6920.2266;4762.6074;2157.6191;6328.8652;0.9844
2024-03-03T00:00:00.0/2024-03-04T00:00:00.0;10519.2773;7170.8418;5151.3530;2019.4891;6884.5244;6703.7104;4217.7856;2485.9250;5505.3169;0.9844
2024-03-04T00:00:00.0/2024-03-05T00:00:00.0;10521.9619;7185.0942;5196.9722;1988.1222;6905.8369;5771.1641;3121.3267;2649.8372;4578.8154;0.9844
2024-03-05T00:00:00.0/2024-03-06T00:00:00.0;10524.1279;7138.2559;5050.1016;2088.1543;6648.7949;6115.1401;2723.9329;3391.2070;3715.1924;0.9844
2024-03-06T00:00:00.0/2024-03-07T00:00:00.0;10525.7695;7129.3979;5052.1753;2077.2229;6612.8794;2012.3108;247.3076;1765.0033;431.7548;0.9844
2024-03-07T00:00:00.0/2024-03-08T00:00:00.0;10526.9062;7043.3164;4800.0303;2243.2864;6284.0024;4650.9546;1280.8779;3370.0769;1698.4817;0.9844
2024-03-08T00:00:00.0/2024-03-09T00:00:00.0;10527.5322;7192.3589;5227.2554;1965.1035;6971.2583;5669.0078;1980.7888;3688.2190;2883.6641;0.9844
2024-03-09T00:00:00.0/2024-03-10T00:00:00.0;10527.6191;7125.9922;5026.8174;2099.1748;6603.7983;6454.3218;3574.1550;2880.1665;4732.1665;0.9844
2024-03-10T00:00:00.0/2024-03-11T00:00:00.0;10527.1641;7294.4985;5661.6416;1632.8571;7534.9937;6960.5405;4921.2983;2039.2426;6676.1929;0.9844
2024-03-11T00:00:00.0/2024-03-12T00:00:00.0;10526.1924;7196.3413;5131.5586;2064.7827;6803.7119;5854.7827;2707.5371;3147.2456;3584.3704;0.9844
2024-03-12T00:00:00.0/2024-03-13T00:00:00.0;10524.6973;7120.9165;4878.4883;2242.4280;6451.6646;5083.5151;1848.2753;3235.2397;2488.1812;0.9844
2024-03-13T00:00:00.0/2024-03-14T00:00:00.0;10522.6543;7128.9141;4998.3906;2130.5232;6563.6934;3849.1948;961.7079;2887.4871;1461.4531;0.9847
2024-03-14T00:00:00.0/2024-03-15T00:00:00.0;10520.0166;7100.2446;4773.7578;2326.4863;6262.8442;5835.8022;2405.2058;3430.5964;3190.0571;0.9844
2024-03-15T00:00:00.0/2024-03-16T00:00:00.0;10516.9629;7376.5449;5939.3999;1437.1451;7977.2793;6646.8911;4347.4868;2299.4045;5694.7627;0.9844
2024-03-16T00:00:00.0/2024-03-17T00:00:00.0;10513.3252;7357.8003;5744.5635;1613.2372;7743.0562;6913.3364;4726.5269;2186.8093;6657.6606;0.9844
2024-03-17T00:00:00.0/2024-03-18T00:00:00.0;10509.1367;7184.2642;5082.7900;2101.4744;6703.9756;6744.3682;4193.0059;2551.3625;5663.4561;0.9847
2024-03-18T00:00:00.0/2024-03-19T00:00:00.0;10504.4199;7258.1235;5342.3740;1915.7495;7079.3252;6450.3521;3484.7822;2965.5696;4602.3369;0.9844
2024-03-19T00:00:00.0/2024-03-20T00:00:00.0;10499.1963;7132.9058;4985.5962;2147.3096;6598.4785;3128.5854;369.4896;2759.0959;619.1904;0.9844
2024-03-20T00:00:00.0/2024-03-21T00:00:00.0;10493.4297;7106.9009;5033.6030;2073.2979;6574.0742;6571.2534;3965.3564;2605.8970;5243.8403;0.9847
2024-03-21T00:00:00.0/2024-03-22T00:00:00.0;10487.0840;7041.4194;4744.3711;2297.0483;6248.8198;6519.6538;3773.1448;2746.5090;5159.1943;0.9844
2024-03-22T00:00:00.0/2024-03-23T00:00:00.0;10480.3340;6630.0220;3562.1516;3067.8704;4567.7158;4015.5273;700.0851;3315.4421;927.7638;0.9844
2024-03-23T00:00:00.0/2024-03-24T00:00:00.0;10473.0176;7049.9849;4841.9165;2208.0684;6286.8306;5815.8232;2536.4443;3279.3789;3365.0503;0.9844
2024-03-24T00:00:00.0/2024-03-25T00:00:00.0;10465.1738;7004.3252;4724.0947;2280.2307;6150.7573;6599.0947;3873.6611;2725.4338;5111.7212;0.9844
2024-03-25T00:00:00.0/2024-03-26T00:00:00.0;10456.8447;7093.4209;5087.0400;2006.3807;6635.8350;6626.7476;4118.0220;2508.7258;5608.1714;0.9844
2024-03-26T00:00:00.0/2024-03-27T00:00:00.0;10448.0234;7003.7559;4669.3022;2334.4534;6119.5962;6438.1685;3611.8518;2826.3164;4842.3950;0.9844
2024-03-27T00:00:00.0/2024-03-28T00:00:00.0;10438.6914;7149.9453;5156.2812;1993.6642;6766.1431;6492.1113;3821.6655;2670.4458;5219.7061;0.9847
2024-03-28T00:00:00.0/2024-03-29T00:00:00.0;10428.8770;6981.8169;4630.6919;2351.1248;6073.2397;6433.1792;3558.4314;2874.7478;4738.8506;0.9844
2024-03-29T00:00:00.0/2024-03-30T00:00:00.0;10418.6084;6922.5479;4414.8584;2507.6897;5747.3984;5027.9297;1594.9277;3433.0017;1865.8573;0.9844
2024-03-30T00:00:00.0/2024-03-31T00:00:00.0;10407.8516;7175.9531;5384.3511;1791.6023;7129.0659;6688.5063;4342.1426;2346.3640;5875.9116;0.9847
2024-03-31T00:00:00.0/2024-04-01T00:00:00.0;10396.5811;6954.6094;4645.1851;2309.4241;6058.8438;6348.2700;3488.3345;2859.9353;4721.7861;0.9844
2024-04-01T00:00:00.0/2024-04-02T00:00:00.0;10384.9727;6979.3901;4650.1675;2329.2229;6081.2461;5283.4478;2558.0925;2725.3552;3255.7825;0.9844
2024-04-02T00:00:00.0/2024-04-03T00:00:00.0;10372.8682;7120.2368;5298.4604;1821.7765;7005.6060;6542.8740;4020.9856;2521.8887;5593.9624;0.9844
2024-04-03T00:00:00.0/2024-04-04T00:00:00.0;10360.3135;7017.0273;4865.0391;2151.9880;6412.1851;5667.6846;2556.8740;3110.8105;3817.9783;0.9844
2024-04-04T00:00:00.0/2024-04-05T00:00:00.0;10347.3555;7092.6465;4979.3315;2113.3149;6529.6592;6755.7739;4243.1533;2512.6206;5715.9023;0.9844
2024-04-05T00:00:00.0/2024-04-06T00:00:00.0;10333.9912;7138.3604;5160.9971;1977.3630;6835.9878;6375.4443;3628.9915;2746.4529;4856.5654;0.9844
2024-04-06T00:00:00.0/2024-04-07T00:00:00.0;10320.2109;7189.5264;5406.7300;1782.7964;7223.0947;6357.5181;3782.5142;2575.0037;4972.3989;0.9795
2024-04-07T00:00:00.0/2024-04-08T00:00:00.0;10305.9912;7229.3628;5726.6494;1502.7133;7747.7417;6006.1279;3203.8179;2802.3101;4534.1211;0.9219
2024-04-08T00:00:00.0/2024-04-09T00:00:00.0;10291.5078;7247.6299;5617.3418;1630.2882;7705.9360;6470.5430;4044.5305;2426.0125;5667.6396;0.9844
2024-04-09T00:00:00.0/2024-04-10T00:00:00.0;10276.6055;7027.7510;4707.1875;2320.5635;6208.2739;5791.1323;2264.2700;3526.8625;3146.9822;0.9844
2024-04-10T00:00:00.0/2024-04-11T00:00:00.0;10261.3389;7087.4517;4920.3164;2167.1353;6582.9775;6061.6484;3241.7009;2819.9478;4489.5000;0.9844
2024-04-11T00:00:00.0/2024-04-12T00:00:00.0;10245.7363;7116.7676;5229.8545;1886.9131;7055.9062;1904.1006;104.3615;1799.7391;308.1381;0.9844
2024-04-12T00:00:00.0/2024-04-13T00:00:00.0;10229.8301;7168.0776;5637.5894;1530.4883;7769.6816;2318.2239;1092.8383;1225.3855;1752.3387;0.9844
2024-04-13T00:00:00.0/2024-04-14T00:00:00.0;10213.5986;7142.5903;5507.9028;1634.6873;7561.5562;3453.3662;1819.7244;1633.6417;2573.7476;0.9844
2024-04-14T00:00:00.0/2024-04-15T00:00:00.0;10197.0576;7155.7236;5547.7227;1608.0010;7636.9868;6709.5273;4549.3804;2160.1467;6509.2466;0.9844
2024-04-15T00:00:00.0/2024-04-16T00:00:00.0;10180.2383;7091.5649;5335.9980;1755.5669;7241.9922;6677.5415;4422.2949;2255.2471;6200.3267;0.9844
2024-04-16T00:00:00.0/2024-04-17T00:00:00.0;10163.1699;7056.8442;5222.6426;1834.2015;7026.6226;6663.1455;4313.3062;2349.8394;6058.9136;0.9844
2024-04-17T00:00:00.0/2024-04-18T00:00:00.0;10145.8369;6971.4448;4962.4082;2009.0364;6615.0195;6307.8887;3565.9363;2741.9526;4585.1353;0.9844
2024-04-18T00:00:00.0/2024-04-19T00:00:00.0;10128.2549;7048.1636;5426.1470;1622.0168;7386.5415;6266.9570;3398.5396;2868.4177;4911.2974;0.9847
2024-04-19T00:00:00.0/2024-04-20T00:00:00.0;10110.4004;6899.5830;4904.1860;1995.3973;6594.4858;6251.6021;3753.6365;2497.9656;5130.8696;0.9844
2024-04-20T00:00:00.0/2024-04-21T00:00:00.0;10092.4463;7081.9443;5618.8135;1463.1310;7646.3896;6806.2393;4958.3364;1847.9030;6925.0830;0.9844
2024-04-21T00:00:00.0/2024-04-22T00:00:00.0;10074.2539;6983.5391;5240.4487;1743.0906;7135.7803;6529.9058;4394.2891;2135.6167;5914.1392;0.9844
2024-04-22T00:00:00.0/2024-04-23T00:00:00.0;10055.8770;6966.5771;5113.1548;1853.4226;7023.6929;4215.3013;857.6374;3357.6638;1302.3599;0.9844
2024-04-23T00:00:00.0/2024-04-24T00:00:00.0;10037.3330;6952.8027;5222.4395;1730.3633;7126.1245;5506.3511;2032.0737;3474.2776;2826.6631;0.9847
2024-04-24T00:00:00.0/2024-04-25T00:00:00.0;10018.5889;7036.9424;5547.5596;1489.3828;7691.2583;6094.7529;3519.1042;2575.6487;4973.1826;0.9844
2024-04-25T00:00:00.0/2024-04-26T00:00:00.0;9999.8291;6791.8687;4543.2871;2248.5815;6110.9980;5454.1167;1986.7216;3467.3953;2758.4954;0.9844
2024-04-26T00:00:00.0/2024-04-27T00:00:00.0;9980.9131;6790.1284;4674.8652;2115.2629;6312.5488;5784.2949;2907.8914;2876.4036;4055.1516;0.9844
2024-04-27T00:00:00.0/2024-04-28T00:00:00.0;9961.8965;6644.1880;4289.4072;2354.7808;5739.2388;6285.8657;3621.5884;2664.2771;4904.7090;0.9844
2024-04-28T00:00:00.0/2024-04-29T00:00:00.0;9942.7969;6747.1323;4597.1006;2150.0312;6190.3911;5730.0381;2487.7737;3242.2644;3315.5859;0.9844
2024-04-29T00:00:00.0/2024-04-30T00:00:00.0;9923.6318;6827.0869;4871.4141;1955.6729;6624.2524;5489.6299;1937.3376;3552.2920;2610.2969;0.9847
2024-04-30T00:00:00.0/2024-05-01T00:00:00.0;9904.4189;6674.2695;4240.7266;2433.5430;5780.9565;3120.8330;515.8126;2605.0205;735.5206;0.9844
2024-05-01T00:00:00.0/2024-05-02T00:00:00.0;9885.1309;6786.6450;4821.8896;1964.7554;6582.7056;3810.8123;761.3821;3049.4299;1004.8839;0.9844
2024-05-02T00:00:00.0/2024-05-03T00:00:00.0;9865.9365;6733.1382;4606.9839;2126.1545;6238.9893;4617.9707;1200.4398;3417.5308;1596.0323;0.9844
2024-05-03T00:00:00.0/2024-05-04T00:00:00.0;9846.7061;6712.8965;4504.9404;2207.9558;6097.0723;6025.7246;3121.5278;2904.1968;4208.5991;0.9844
2024-05-04T00:00:00.0/2024-05-05T00:00:00.0;9827.4990;6760.7217;4726.0059;2034.7156;6482.0303;6354.6265;3865.8870;2488.7395;5475.2925;0.9844
2024-05-05T00:00:00.0/2024-05-06T00:00:00.0;9808.3320;6729.2715;4690.6348;2038.6364;6446.5503;6301.6982;3980.8926;2320.8059;5410.3984;0.9844
2024-05-06T00:00:00.0/2024-05-07T00:00:00.0;9789.2246;6652.8589;4351.9438;2300.9155;5981.5029;6209.4419;3597.4731;2611.9685;4981.6621;0.9844
2024-05-07T00:00:00.0/2024-05-08T00:00:00.0;9770.1924;6517.9731;3873.3994;2644.5735;5213.8853;5941.3149;2982.1296;2959.1855;4157.3848;0.9844
2024-05-08T00:00:00.0/2024-05-09T00:00:00.0;9751.2559;6534.4077;3951.9121;2582.4958;5376.0352;5772.9673;2979.0059;2793.9612;3794.1343;0.9844
2024-05-09T00:00:00.0/2024-05-10T00:00:00.0;9732.4316;6544.4053;4046.0669;2498.3384;5534.4429;3729.5562;836.9249;2892.6313;1205.1626;0.9844
2024-05-10T00:00:00.0/2024-05-11T00:00:00.0;9713.7373;6526.9932;4053.0344;2473.9585;5446.2642;5911.8076;3155.3379;2756.4700;4205.0425;0.9844
2024-05-11T00:00:00.0/2024-05-12T00:00:00.0;9695.1904;6445.0103;3954.1340;2490.8765;5354.6177;6203.7378;3653.0583;2550.6794;4875.7739;0.9844
2024-05-12T00:00:00.0/2024-05-13T00:00:00.0;9676.8086;6431.5190;3894.4524;2537.0667;5269.2319;5185.7466;1844.7797;3340.9670;2508.2773;0.9844
2024-05-13T00:00:00.0/2024-05-14T00:00:00.0;9658.6084;6452.8184;3951.7571;2501.0613;5400.0576;5562.3467;2688.1199;2874.2266;3611.7996;0.9844
2024-05-14T00:00:00.0/2024-05-15T00:00:00.0;9640.6074;6613.7656;4605.9575;2007.8077;6417.0205;6035.6445;3461.9214;2573.7234;4942.7695;0.9844
2024-05-15T00:00:00.0/2024-05-16T00:00:00.0;9622.8213;6666.9849;4854.9150;1812.0697;6791.1294;6227.1333;3991.2488;2235.8845;5681.4243;0.9844
2024-05-16T00:00:00.0/2024-05-17T00:00:00.0;9605.2666;6434.0542;4027.1885;2406.8660;5592.9248;5448.9775;2516.7786;2932.1990;3286.1389;0.9844
2024-05-17T00:00:00.0/2024-05-18T00:00:00.0;9587.9590;6388.5898;4022.7278;2365.8618;5583.9663;4900.1475;1646.7809;3253.3667;2145.9407;0.9844
2024-05-18T00:00:00.0/2024-05-19T00:00:00.0;9570.9150;6484.6670;4445.4829;2039.1842;6206.7246;5347.4136;2304.4888;3042.9246;3418.8401;0.9844
2024-05-19T00:00:00.0/2024-05-20T00:00:00.0;9554.1484;6527.6860;4630.4282;1897.2577;6525.8301;5081.0679;2577.1758;2503.8921;3879.9944;0.9844
2024-05-20T00:00:00.0/2024-05-21T00:00:00.0;9537.6758;6399.8281;4287.0991;2112.7292;5948.4722;5872.7866;3298.5278;2574.2590;4679.4854;0.9844
2024-05-21T00:00:00.0/2024-05-22T00:00:00.0;9521.5117;6178.5664;3648.2642;2530.3025;5029.4678;5686.7974;2933.2158;2753.5813;3845.8955;0.9844
2024-05-22T00:00:00.0/2024-05-23T00:00:00.0;9505.6699;6041.3770;3313.7061;2727.6711;4531.0078;4955.2402;1771.1538;3184.0862;2430.9199;0.9844
2024-05-23T00:00:00.0/2024-05-24T00:00:00.0;9490.1641;6304.9746;4056.9182;2248.0564;5593.5454;5341.9883;2428.9312;2913.0571;3603.9431;0.9844
2024-05-24T00:00:00.0/2024-05-25T00:00:00.0;9475.0078;6206.1030;3879.3110;2326.7917;5354.3193;5638.5688;2899.0073;2739.5615;4081.5693;0.9844
2024-05-25T00:00:00.0/2024-05-26T00:00:00.0;9460.2627;6447.0347;4615.0059;1832.0291;6485.5400;6075.2817;3861.3879;2213.8940;5443.5894;0.9840
2024-05-26T00:00:00.0/2024-05-27T00:00:00.0;9445.8203;6661.2026;5068.0303;1593.1725;7270.6050;6308.5889;4519.4150;1789.1737;6252.8149;0.9844
2024-05-27T00:00:00.0/2024-05-28T00:00:00.0;9431.8174;6387.6724;4381.1860;2006.4860;6171.1733;6183.3311;4056.6396;2126.6917;5642.0688;0.9740
2024-05-28T00:00:00.0/2024-05-29T00:00:00.0;9418.2168;6284.4727;4353.7412;1930.7317;6082.3823;6116.9844;4036.5300;2080.4543;5632.2720;0.9844
2024-05-29T00:00:00.0/2024-05-30T00:00:00.0;9405.0332;6232.0811;4061.9226;2170.1587;5804.2046;2981.5303;746.9312;2234.5994;1219.6858;0.9844
2024-05-30T00:00:00.0/2024-05-31T00:00:00.0;9392.2773;6115.8325;3483.0037;2632.8291;4893.2822;1280.4624;17.5174;1262.9451;22.1224;0.9844
2024-05-31T00:00:00.0/2024-06-01T00:00:00.0;9379.9590;6216.9229;4026.7563;2190.1667;5619.3862;4574.8237;1417.4783;3157.3452;1795.5123;0.9844
2024-06-01T00:00:00.0/2024-06-02T00:00:00.0;9368.0918;6377.9072;4473.9697;1903.9374;6338.8345;6027.1318;3790.6472;2236.4849;5447.6294;0.9844
2024-06-02T00:00:00.0/2024-06-03T00:00:00.0;9356.6992;6381.7266;4458.0107;1923.7161;6336.5557;5727.8667;3178.9717;2548.8950;4458.4141;0.9844
2024-06-03T00:00:00.0/2024-06-04T00:00:00.0;9345.7930;6247.2046;4024.7195;2222.4851;5670.1470;5351.8052;2569.6665;2782.1387;3404.4639;0.9840
2024-06-04T00:00:00.0/2024-06-05T00:00:00.0;9335.3672;6230.8569;4046.3127;2184.5442;5727.1445;4661.4277;1929.4377;2731.9897;2880.0178;0.9844
2024-06-05T00:00:00.0/2024-06-06T00:00:00.0;9325.4326;6128.0034;3679.6267;2448.3767;5172.6294;3925.9929;1139.6641;2786.3289;1517.4564;0.9844
2024-06-06T00:00:00.0/2024-06-07T00:00:00.0;9315.9961;6185.0259;3907.0657;2277.9604;5480.7983;6177.1558;3903.2222;2273.9333;5452.4492;0.9844
2024-06-07T00:00:00.0/2024-06-08T00:00:00.0;9307.1143;6535.6523;4961.4180;1574.2344;7184.8169;6432.5083;4699.9780;1732.5302;6894.4585;0.9844
2024-06-08T00:00:00.0/2024-06-09T00:00:00.0;9298.6836;6481.0854;4977.8354;1503.2500;7192.6006;6449.1343;4914.4941;1534.6401;7076.3896;0.9844
2024-06-09T00:00:00.0/2024-06-10T00:00:00.0;9290.8271;6098.4902;3935.4534;2163.0366;5551.7964;5798.3364;3251.8079;2546.5286;4770.6953;0.9844
2024-06-10T00:00:00.0/2024-06-11T00:00:00.0;9283.4980;6350.6294;4589.2915;1761.3381;6547.3647;6174.1304;4244.8779;1929.2528;6055.3901;0.9844
2024-06-11T00:00:00.0/2024-06-12T00:00:00.0;9276.7051;6304.7642;4539.0625;1765.7018;6505.0483;6011.8594;3982.3853;2029.4741;5611.1406;0.9844
2024-06-12T00:00:00.0/2024-06-13T00:00:00.0;9270.5000;6137.8677;4130.9644;2006.9036;5831.8008;5666.5786;3396.3413;2270.2373;4581.3008;0.9844
2024-06-13T00:00:00.0/2024-06-14T00:00:00.0;9264.7764;5968.6821;3822.9775;2145.7043;5391.5332;4978.9141;2654.6387;2324.2751;3547.7539;0.9844
2024-06-14T00:00:00.0/2024-06-15T00:00:00.0;9259.6533;6098.0669;3977.3433;2120.7234;5632.0938;5667.2085;3384.8318;2282.3767;4537.4590;0.9844
2024-06-15T00:00:00.0/2024-06-16T00:00:00.0;9255.0840;6076.8599;3857.9456;2218.9143;5481.6807;4836.5312;2229.6624;2606.8689;2891.2830;0.9844
2024-06-16T00:00:00.0/2024-06-17T00:00:00.0;9251.0693;6120.0112;4005.6069;2114.4043;5725.1055;2790.5090;391.4225;2399.0867;626.0446;0.9844
2024-06-17T00:00:00.0/2024-06-18T00:00:00.0;9247.6230;6035.1704;3888.3679;2146.8022;5454.7266;5025.0181;1986.6204;3038.3979;2866.5027;0.9844
2024-06-18T00:00:00.0/2024-06-19T00:00:00.0;9244.7646;5897.9048;3487.0730;2410.8315;4856.6357;4242.6196;1300.8728;2941.7471;1656.5601;0.9840
2024-06-19T00:00:00.0/2024-06-20T00:00:00.0;9242.4688;6054.8228;3779.5552;2275.2676;5355.9658;4424.7090;1757.6805;2667.0283;2721.9165;0.9844
2024-06-20T00:00:00.0/2024-06-21T00:00:00.0;9240.7354;5996.1030;3579.6125;2416.4907;5050.3853;3846.8018;1098.2560;2748.5459;1473.3322;0.9844
2024-06-21T00:00:00.0/2024-06-22T00:00:00.0;9239.5645;5802.8296;3294.2869;2508.5430;4581.4297;5060.5967;2132.5393;2928.0571;2986.8894;0.9844
2024-06-22T00:00:00.0/2024-06-23T00:00:00.0;9238.9805;5949.9033;3598.0251;2351.8782;5001.1260;3201.4226;697.9474;2503.4753;1138.8679;0.9844
2024-06-23T00:00:00.0/2024-06-24T00:00:00.0;9238.9727;6013.1162;3743.2766;2269.8394;5340.2598;4703.4756;2094.4458;2609.0300;2753.1223;0.9844
2024-06-24T00:00:00.0/2024-06-25T00:00:00.0;9239.5264;6077.7422;3994.1565;2083.5857;5647.3804;5374.7163;3137.5818;2237.1343;4016.1467;0.9844
2024-06-25T00:00:00.0/2024-06-26T00:00:00.0;9240.6387;5824.9312;3355.7312;2469.2000;4689.8730;4602.5508;1818.2938;2784.2568;2646.9683;0.9844
2024-06-26T00:00:00.0/2024-06-27T00:00:00.0;9242.3564;5581.4951;2986.3159;2595.1790;4078.2310;5350.0991;2657.5112;2692.5879;3564.2483;0.9844
2024-06-27T00:00:00.0/2024-06-28T00:00:00.0;9244.5664;6017.3804;3828.2644;2189.1160;5377.2222;5281.1924;2695.3892;2585.8030;3765.3433;0.9688
2024-06-28T00:00:00.0/2024-06-29T00:00:00.0;9247.3789;5826.9736;3315.6121;2511.3616;4609.9463;3150.9783;890.4016;2260.5767;1564.9967;0.9844
2024-06-29T00:00:00.0/2024-06-30T00:00:00.0;9250.7383;5523.8765;2826.8975;2696.9790;3884.8726;5013.2764;2184.8176;2828.4587;2919.8147;0.9844
2024-06-30T00:00:00.0/2024-07-01T00:00:00.0;9254.6406;5774.2300;3335.4272;2438.8027;4626.7646;5077.1860;2541.7065;2535.4795;3491.3694;0.9844
2024-07-01T00:00:00.0/2024-07-02T00:00:00.0;9259.1299;5757.9351;3335.2039;2422.7314;4611.0781;5335.9956;2670.7314;2665.2644;3684.8735;0.9844
2024-07-02T00:00:00.0/2024-07-03T00:00:00.0;9264.0869;5856.6743;3404.9084;2451.7659;4723.0928;4804.1411;2023.0490;2781.0920;2736.7207;0.9844
2024-07-03T00:00:00.0/2024-07-04T00:00:00.0;9269.6221;5729.7529;3087.1343;2642.6187;4266.4536;2463.8650;189.2435;2274.6216;332.6204;0.9844
2024-07-04T00:00:00.0/2024-07-05T00:00:00.0;9275.6768;5863.4141;3505.1467;2358.2671;4859.9878;3537.4529;1103.3561;2434.0967;1823.4738;0.9844
2024-07-05T00:00:00.0/2024-07-06T00:00:00.0;9282.2451;5749.9019;3297.6646;2452.2375;4535.8940;3568.2393;803.5400;2764.6992;1106.9049;0.9844
2024-07-06T00:00:00.0/2024-07-07T00:00:00.0;9289.3193;5626.9917;3123.8823;2503.1091;4299.0083;4336.0073;1657.6896;2678.3176;2171.1028;0.9844
2024-07-07T00:00:00.0/2024-07-08T00:00:00.0;9296.8984;6120.5112;4128.6318;1991.8794;5740.6250;5592.1802;3215.5640;2376.6165;4416.7578;0.9847
2024-07-08T00:00:00.0/2024-07-09T00:00:00.0;9304.9873;6011.9966;3702.4290;2309.5676;5192.3989;4868.3716;2052.0991;2816.2722;2919.3647;0.9844
2024-07-09T00:00:00.0/2024-07-10T00:00:00.0;9313.5557;6210.1182;4182.7373;2027.3806;5858.7788;6133.4985;4106.9111;2026.5874;5641.9395;0.9844
2024-07-10T00:00:00.0/2024-07-11T00:00:00.0;9322.5938;6195.0254;4081.4915;2113.5337;5729.2734;5652.1377;3224.7329;2427.4048;4384.2603;0.9844
2024-07-11T00:00:00.0/2024-07-12T00:00:00.0;9332.0918;6008.7202;3702.6917;2306.0283;5139.4536;5869.6187;3479.0564;2390.5625;4816.0679;0.9844
2024-07-12T00:00:00.0/2024-07-13T00:00:00.0;9342.0400;6011.4424;3642.1677;2369.2747;5118.3940;3886.6104;1118.8079;2767.8025;1527.7837;0.9792
2024-07-13T00:00:00.0/2024-07-14T00:00:00.0;9352.4268;6245.4346;4249.0586;1996.3760;5934.6445;5599.6484;3317.8892;2281.7590;4415.9326;0.9844
2024-07-14T00:00:00.0/2024-07-15T00:00:00.0;9363.2402;5799.4233;3309.4810;2489.9426;4511.1401;4583.2056;1974.5032;2608.7024;2350.8645;0.9844
2024-07-15T00:00:00.0/2024-07-16T00:00:00.0;9374.4824;5816.9604;3358.5364;2458.4238;4534.4644;5497.4976;2922.6025;2574.8948;3854.0413;0.9844
2024-07-16T00:00:00.0/2024-07-17T00:00:00.0;9386.1338;6038.8496;3826.8555;2211.9941;5367.4126;5492.8022;3107.8418;2384.9604;4283.8828;0.9844
2024-07-17T00:00:00.0/2024-07-18T00:00:00.0;9398.1758;6106.9771;3834.8157;2272.1614;5291.2368;5797.2979;3501.1108;2296.1873;4578.7183;0.9844
2024-07-18T00:00:00.0/2024-07-19T00:00:00.0;9410.5957;6324.5342;4384.9634;1939.5709;6161.0156;6061.0400;3950.9358;2110.1042;5391.5122;0.9844
2024-07-19T00:00:00.0/2024-07-20T00:00:00.0;9423.3818;5895.1455;3425.1343;2470.0110;4741.2764;4474.3013;1414.6410;3059.6599;1921.5999;0.9844
2024-07-20T00:00:00.0/2024-07-21T00:00:00.0;9436.5205;6029.8730;3677.5200;2352.3530;5077.1206;5773.3828;3277.8838;2495.4990;4500.0337;0.9844
2024-07-21T00:00:00.0/2024-07-22T00:00:00.0;9449.9990;6186.2847;4009.9021;2176.3823;5539.8589;5560.5029;3021.0032;2539.4995;3978.9895;0.9844
2024-07-22T00:00:00.0/2024-07-23T00:00:00.0;9463.8027;6496.9219;4651.2612;1845.6608;6528.3384;5940.9121;3636.6848;2304.2273;5005.9839;0.9844
2024-07-23T00:00:00.0/2024-07-24T00:00:00.0;9477.9199;6627.1992;4961.0815;1666.1177;7003.1392;6469.8647;4699.3374;1770.5272;6462.8799;0.9844
2024-07-24T00:00:00.0/2024-07-25T00:00:00.0;9492.3340;6168.3799;3857.2427;2311.1372;5307.8184;5171.3306;2652.5857;2518.7451;3380.6135;0.9844
2024-07-25T00:00:00.0/2024-07-26T00:00:00.0;9507.0322;6230.9497;4086.7290;2144.2205;5598.3447;5203.0063;2502.0544;2700.9521;3591.5149;0.9844
2024-07-26T00:00:00.0/2024-07-27T00:00:00.0;9521.9990;6313.7769;4269.4678;2044.3093;5903.2578;4956.3477;2411.7109;2544.6367;2955.2053;0.9844
2024-07-27T00:00:00.0/2024-07-28T00:00:00.0;9537.2207;6194.9717;4056.3784;2138.5933;5500.9702;5665.1201;3309.5967;2355.5237;4277.2183;0.9844
2024-07-28T00:00:00.0/2024-07-29T00:00:00.0;9552.6816;6053.1304;3654.8914;2398.2393;4962.2427;5561.8770;2965.9211;2595.9556;3963.4380;0.9844
2024-07-29T00:00:00.0/2024-07-30T00:00:00.0;9568.3672;6114.8584;3766.5347;2348.3240;5106.5830;4912.5728;2276.3215;2636.2515;3037.5625;0.9844
2024-07-30T00:00:00.0/2024-07-31T00:00:00.0;9584.2607;6199.1724;3882.2673;2316.9050;5273.5259;5559.4663;2919.2256;2640.2407;4142.4644;0.9844
2024-07-31T00:00:00.0/2024-08-01T00:00:00.0;9600.3477;6366.7534;4155.2480;2211.5051;5668.4951;5793.1035;3326.4763;2466.6274;4339.8286;0.9844
2024-08-01T00:00:00.0/2024-08-02T00:00:00.0;9616.6104;6595.9131;4707.7485;1888.1646;6500.7837;5935.6167;3477.0134;2458.6033;4734.6670;0.9844
2024-08-02T00:00:00.0/2024-08-03T00:00:00.0;9633.0352;6772.8926;5151.4521;1621.4408;7146.1138;5490.7944;3345.0156;2145.7786;4462.5938;0.9847
2024-08-03T00:00:00.0/2024-08-04T00:00:00.0;9649.6025;6829.8018;5185.6416;1644.1602;7267.1626;6419.8887;4382.6055;2037.2831;5945.2012;0.9792
2024-08-04T00:00:00.0/2024-08-05T00:00:00.0;9666.2988;6531.1880;4386.7070;2144.4807;6047.4180;5699.2949;3037.0256;2662.2693;3945.9995;0.9844
2024-08-05T00:00:00.0/2024-08-06T00:00:00.0;9683.0664;6445.5044;4160.4092;2285.0950;5620.8276;6252.7744;3913.2473;2339.5271;5120.6611;0.9795
2024-08-06T00:00:00.0/2024-08-07T00:00:00.0;9700.0342;6149.0664;3673.6941;2475.3726;4905.0010;5161.8491;2469.5952;2692.2537;3283.1265;0.9844
2024-08-07T00:00:00.0/2024-08-08T00:00:00.0;9717.0361;6470.9131;4319.8726;2151.0408;5891.3711;5751.6421;3252.2764;2499.3655;4569.1924;0.9844
2024-08-08T00:00:00.0/2024-08-09T00:00:00.0;9734.0996;6720.8311;4901.2280;1819.6030;6684.9365;5235.8169;2600.6960;2635.1206;3687.0654;0.9844
2024-08-09T00:00:00.0/2024-08-10T00:00:00.0;9751.2090;6246.2661;3847.2637;2399.0024;5133.6382;5942.8882;3426.6321;2516.2563;4393.0039;0.9844
2024-08-10T00:00:00.0/2024-08-11T00:00:00.0;9768.3467;6099.1021;3571.6250;2527.4768;4736.1479;5512.3989;2769.3213;2743.0774;3587.4583;0.9847
2024-08-11T00:00:00.0/2024-08-12T00:00:00.0;9785.4961;6183.9272;3684.0830;2499.8440;4898.6665;5354.9756;2549.7551;2805.2205;3153.3408;0.9844
2024-08-12T00:00:00.0/2024-08-13T00:00:00.0;9802.6045;6225.5659;3788.7007;2436.8652;5004.8008;5567.0542;2761.0940;2805.9602;3724.9302;0.9844
2024-08-13T00:00:00.0/2024-08-14T00:00:00.0;9819.8037;6184.4922;3719.1289;2465.3630;4940.4634;5362.8940;2644.1216;2718.7725;3383.0400;0.9844
2024-08-14T00:00:00.0/2024-08-15T00:00:00.0;9836.9229;5958.1558;3302.2783;2655.8777;4309.5728;5510.6001;2788.7629;2721.8372;3476.3362;0.9844
2024-08-15T00:00:00.0/2024-08-16T00:00:00.0;9853.9902;6111.3101;3486.9685;2624.3413;4571.7700;5776.4736;2908.7168;2867.7568;3910.1824;0.9844
2024-08-16T00:00:00.0/2024-08-17T00:00:00.0;9870.9873;5656.2383;2661.4666;2994.7715;3443.0022;5092.5234;1911.1541;3181.3696;2548.9854;0.9844
2024-08-17T00:00:00.0/2024-08-18T00:00:00.0;9887.8643;6101.2930;3399.8823;2701.4106;4485.4790;5783.4248;2954.2688;2829.1560;3879.5120;0.8854
2024-08-18T00:00:00.0/2024-08-19T00:00:00.0;9904.7578;6129.1040;3451.4224;2677.6819;4497.5474;4965.4521;2100.5203;2864.9319;2708.4624;0.9844
2024-08-19T00:00:00.0/2024-08-20T00:00:00.0;9921.4951;6189.7363;3605.3818;2584.3547;4697.3696;5498.4844;2637.3787;2861.1055;3404.0713;0.9844
2024-08-20T00:00:00.0/2024-08-21T00:00:00.0;9938.1016;5988.5967;3091.9717;2896.6248;4031.7849;5110.3218;2111.3933;2998.9282;2550.5247;0.9847
2024-08-21T00:00:00.0/2024-08-22T00:00:00.0;9954.5225;6052.2700;3231.9624;2820.3079;4198.6987;3742.4238;683.8547;3058.5691;958.9045;0.9844
2024-08-22T00:00:00.0/2024-08-23T00:00:00.0;9970.9043;6365.4258;3725.8147;2639.6113;4899.3311;5331.1646;2400.3894;2930.7751;3052.1958;0.9844
2024-08-23T00:00:00.0/2024-08-24T00:00:00.0;9987.0742;6279.2861;3618.9834;2660.3027;4699.5908;5080.5469;1909.8932;3170.6536;2447.1248;0.9844
2024-08-24T00:00:00.0/2024-08-25T00:00:00.0;10003.0527;6274.1172;3605.3867;2668.7305;4694.2598;4262.5601;879.9405;3382.6196;1081.0476;0.9847
2024-08-25T00:00:00.0/2024-08-26T00:00:00.0;10018.7939;6418.9956;3927.6902;2491.3054;5081.4404;6406.1357;3900.9766;2505.1594;5052.2456;0.9844
2024-08-26T00:00:00.0/2024-08-27T00:00:00.0;10034.4453;6132.4092;3187.5488;2944.8601;4101.7017;4167.5352;1031.5005;3136.0349;1258.8832;0.9844
2024-08-27T00:00:00.0/2024-08-28T00:00:00.0;10049.8203;5945.5845;2851.2974;3094.2871;3717.8855;3585.2009;515.4680;3069.7329;651.3508;0.9844
2024-08-28T00:00:00.0/2024-08-29T00:00:00.0;10064.9014;6470.2324;3974.9077;2495.3245;5191.1807;4823.3921;1706.5208;3116.8713;2099.9492;0.9844
2024-08-29T00:00:00.0/2024-08-30T00:00:00.0;10079.8584;6626.8047;4157.0225;2469.7822;5407.7163;5467.5781;2368.7644;3098.8135;2963.6963;0.9844
2024-08-30T00:00:00.0/2024-08-31T00:00:00.0;10094.5098;6613.5972;4050.3335;2563.2637;5245.3735;4575.7192;1440.4924;3135.2271;1718.2998;0.9844
2024-08-31T00:00:00.0/2024-09-01T00:00:00.0;10108.8740;6692.0840;4423.0728;2269.0112;5793.4893;4277.7754;1639.5090;2638.2664;1893.6567;0.9844
2024-09-01T00:00:00.0/2024-09-02T00:00:00.0;10122.9697;6477.9438;3994.7666;2483.1772;5310.7827;5528.4878;2619.4087;2909.0789;3250.8530;0.9844
2024-09-02T00:00:00.0/2024-09-03T00:00:00.0;10136.7842;6400.4697;3904.5222;2495.9478;5039.6689;4998.5005;2275.6040;2722.8965;2946.0698;0.9844
2024-09-03T00:00:00.0/2024-09-04T00:00:00.0;10150.2744;6320.6079;3510.9136;2809.6946;4567.9028;4582.4438;1509.9232;3072.5205;1972.5098;0.9847
2024-09-04T00:00:00.0/2024-09-05T00:00:00.0;10163.4561;6736.8799;4389.0576;2347.8223;5720.2476;6491.8184;4053.4861;2438.3320;5080.8491;0.9844
2024-09-05T00:00:00.0/2024-09-06T00:00:00.0;10176.3271;6735.1309;4373.5020;2361.6289;5674.6543;5782.8633;2917.1885;2865.6750;3811.5579;0.9844
2024-09-06T00:00:00.0/2024-09-07T00:00:00.0;10188.8398;6672.7803;4130.4492;2542.3311;5412.3149;5834.5347;3073.7163;2760.8184;3796.2646;0.9847
2024-09-07T00:00:00.0/2024-09-08T00:00:00.0;10201.0127;6830.0391;4449.7964;2380.2427;5792.7383;5323.9854;2443.9194;2880.0659;2895.3196;0.9844
2024-09-08T00:00:00.0/2024-09-09T00:00:00.0;10212.8438;6873.7217;4565.2637;2308.4583;5901.2559;5183.3921;2348.9688;2834.4236;2706.3950;0.9844
2024-09-09T00:00:00.0/2024-09-10T00:00:00.0;10224.2852;6900.0698;4526.8164;2373.2534;5887.6470;5547.2783;2782.0520;2765.2263;3399.4487;0.9844
2024-09-10T00:00:00.0/2024-09-11T00:00:00.0;10235.3662;7119.0864;5213.5571;1905.5294;6929.8306;3394.0886;1008.3494;2385.7390;1118.2450;0.9844
2024-09-11T00:00:00.0/2024-09-12T00:00:00.0;10246.0703;7242.7290;5543.6416;1699.0876;7422.4004;4388.0923;1356.5939;3031.4985;1593.8784;0.9844
2024-09-12T00:00:00.0/2024-09-13T00:00:00.0;10256.3105;7119.3760;5253.2148;1866.1609;6980.5000;6303.1807;3850.8501;2452.3308;4917.4697;0.9844
2024-09-13T00:00:00.0/2024-09-14T00:00:00.0;10266.2734;7065.0020;4917.4058;2147.5962;6550.0854;6079.5234;3235.4460;2844.0771;4687.4673;0.9844
2024-09-14T00:00:00.0/2024-09-15T00:00:00.0;10275.7744;7325.0737;5807.6997;1517.3743;7821.7202;6283.2095;4105.4736;2177.7358;5414.3101;0.9844
2024-09-15T00:00:00.0/2024-09-16T00:00:00.0;10284.8018;7226.8096;5527.2051;1699.6045;7385.5771;6535.5044;4385.9971;2149.5073;5815.7593;0.9844
2024-09-16T00:00:00.0/2024-09-17T00:00:00.0;10293.5205;7237.8252;5472.3354;1765.4897;7325.3994;6314.2935;4136.2812;2178.0125;4992.1040;0.9844
2024-09-17T00:00:00.0/2024-09-18T00:00:00.0;10301.7568;7257.8740;5449.3564;1808.5173;7237.7690;6417.8945;4064.1318;2353.7625;5296.3403;0.9847
2024-09-18T00:00:00.0/2024-09-19T00:00:00.0;10309.5059;7271.3198;5551.0103;1720.3098;7369.6162;5408.7773;2441.4434;2967.3342;3255.7725;0.9844
2024-09-19T00:00:00.0/2024-09-20T00:00:00.0;10316.9326;7285.7427;5591.5205;1694.2225;7446.4170;7053.0801;5190.3301;1862.7498;6822.2305;0.9844
2024-09-20T00:00:00.0/2024-09-21T00:00:00.0;10323.8525;7309.1665;5711.5137;1597.6532;7611.2656;5634.3423;3228.6995;2405.6426;4336.7529;0.9847
2024-09-21T00:00:00.0/2024-09-22T00:00:00.0;10330.3242;7372.8916;5798.4395;1574.4519;7778.2915;6448.1455;3978.7163;2469.4292;5136.5298;0.9844
2024-09-22T00:00:00.0/2024-09-23T00:00:00.0;10336.3662;7271.9712;5375.2051;1896.7665;7062.7729;5696.0898;3035.6653;2660.4243;4016.9094;0.9844
2024-09-23T00:00:00.0/2024-09-24T00:00:00.0;10341.9307;6996.2051;4679.3379;2316.8667;6102.7861;5536.5283;2466.0449;3070.4834;3352.8596;0.9844
2024-09-24T00:00:00.0/2024-09-25T00:00:00.0;10347.0479;7247.7573;5479.4146;1768.3427;7234.1279;6841.1777;5112.7349;1728.4426;6439.7954;0.9844
2024-09-25T00:00:00.0/2024-09-26T00:00:00.0;10351.7158;7382.9482;5975.8833;1407.0649;8131.6997;6398.8213;4250.1479;2148.6736;5320.2876;0.9844
2024-09-26T00:00:00.0/2024-09-27T00:00:00.0;10355.8984;7242.1226;5642.5205;1599.6023;7577.8184;6506.2690;4262.5366;2243.7327;5955.1665;0.9844
2024-09-27T00:00:00.0/2024-09-28T00:00:00.0;10359.6338;7408.8774;5887.2402;1521.6371;7936.2095;5646.0376;3851.6504;1794.3872;4937.2290;0.9844
2024-09-28T00:00:00.0/2024-09-29T00:00:00.0;10362.9102;7375.3472;5672.8159;1702.5314;7608.0371;6896.5239;4802.2007;2094.3230;6191.2217;0.9844
2024-09-29T00:00:00.0/2024-09-30T00:00:00.0;10365.6982;7332.7124;5656.4663;1676.2460;7543.7446;7332.7139;5656.4678;1676.2462;7543.7461;0.9844
2024-09-30T00:00:00.0/2024-10-01T00:00:00.0;10368.0391;7440.1694;6144.5703;1295.5995;8391.9775;7437.9258;6140.9585;1296.9670;8364.0898;0.9844
2024-10-01T00:00:00.0/2024-10-02T00:00:00.0;10369.9199;7323.7632;5582.6465;1741.1167;7519.9502;6210.1533;3989.9182;2220.2349;4990.9141;0.9844
2024-10-02T00:00:00.0/2024-10-03T00:00:00.0;10371.3164;7295.2544;5531.1606;1764.0938;7383.9556;7168.9580;5335.0806;1833.8777;6963.0649;0.9844
2024-10-03T00:00:00.0/2024-10-04T00:00:00.0;10372.2588;7316.1230;5546.1421;1769.9811;7407.4062;6475.3818;4042.2537;2433.1284;5682.3604;0.9844
2024-10-04T00:00:00.0/2024-10-05T00:00:00.0;10372.7549;7255.0166;5247.8857;2007.1306;6939.8726;5989.2002;3574.4834;2414.7170;4605.9214;0.9844
2024-10-05T00:00:00.0/2024-10-06T00:00:00.0;10372.7754;7243.3101;5372.6284;1870.6818;7169.3916;6381.1992;3555.9216;2825.2776;4746.5513;0.9847
2024-10-06T00:00:00.0/2024-10-07T00:00:00.0;10372.2891;7293.3994;5551.8081;1741.5913;7460.7422;3794.7720;773.6223;3021.1497;968.1854;0.9844
2024-10-07T00:00:00.0/2024-10-08T00:00:00.0;10371.4668;7321.3369;5708.7905;1612.5468;7707.2227;5953.5732;2495.9380;3457.6350;3440.5244;0.9844
2024-10-08T00:00:00.0/2024-10-09T00:00:00.0;10370.1396;7290.9614;5671.3174;1619.6440;7631.9082;4748.6367;1556.9358;3191.7009;2427.9128;0.9844
2024-10-09T00:00:00.0/2024-10-10T00:00:00.0;10368.3545;7286.9351;5526.1479;1760.7874;7470.6475;5255.9194;1908.4589;3347.4607;2878.3247;0.9844
2024-10-10T00:00:00.0/2024-10-11T00:00:00.0;10366.1455;7333.7876;5644.6367;1689.1509;7586.6006;7170.2529;5454.0776;1716.1750;7064.3223;0.9844
2024-10-11T00:00:00.0/2024-10-12T00:00:00.0;10363.5137;7151.3154;5105.2275;2046.0884;6766.9141;6782.1724;4657.4883;2124.6846;5893.8311;0.9844
2024-10-12T00:00:00.0/2024-10-13T00:00:00.0;10360.4424;7328.5581;5611.9609;1716.5973;7558.9189;4230.5586;1082.1587;3148.3999;1784.3271;0.9844
2024-10-13T00:00:00.0/2024-10-14T00:00:00.0;10356.9395;7350.9614;5495.3359;1855.6254;7415.8394;5584.1313;2705.0938;2879.0374;4248.1548;0.9844
2024-10-14T00:00:00.0/2024-10-15T00:00:00.0;10353.0361;7291.2490;5428.5820;1862.6670;7295.8447;5155.9165;2291.7422;2864.1741;3120.6379;0.9844
2024-10-15T00:00:00.0/2024-10-16T00:00:00.0;10348.7393;7350.6699;5657.2617;1693.4082;7647.4355;6281.7642;3925.2620;2356.5022;5001.1938;0.9844
2024-10-16T00:00:00.0/2024-10-17T00:00:00.0;10344.0332;7477.5762;6123.7524;1353.8236;8385.0400;6776.1665;4964.3706;1811.7959;6091.7422;0.9792
2024-10-17T00:00:00.0/2024-10-18T00:00:00.0;10338.9307;7506.4810;6251.2095;1255.2711;8662.1953;6920.6919;5104.1660;1816.5258;6939.8301;0.9847
2024-10-18T00:00:00.0/2024-10-19T00:00:00.0;10333.3916;7549.5430;6304.1035;1245.4392;8812.9150;5945.8672;3408.1665;2537.7007;4754.5898;0.9844
2024-10-19T00:00:00.0/2024-10-20T00:00:00.0;10327.5967;7505.0635;6105.5181;1399.5453;8467.4287;6512.1660;4118.3428;2393.8228;5791.9678;0.9844
2024-10-20T00:00:00.0/2024-10-21T00:00:00.0;10321.3955;7470.4575;6052.9839;1417.4736;8370.6553;6428.2231;3942.0308;2486.1926;5669.6396;0.9844
2024-10-21T00:00:00.0/2024-10-22T00:00:00.0;10314.8350;7440.2461;6054.1724;1386.0736;8383.8867;6889.6147;5417.4253;1472.1897;7353.6733;0.9844
2024-10-22T00:00:00.0/2024-10-23T00:00:00.0;10307.9316;7409.9985;5984.2856;1425.7131;8248.5879;5659.9668;3671.7087;1988.2579;4889.4546;0.9844
2024-10-23T00:00:00.0/2024-10-24T00:00:00.0;10300.6953;7331.8940;5767.6133;1564.2806;7919.3169;6359.5513;4247.0557;2112.4954;5280.2393;0.9847
2024-10-24T00:00:00.0/2024-10-25T00:00:00.0;10293.1396;7185.7607;5050.5068;2135.2537;6855.7432;5228.0356;2370.2297;2857.8057;3222.9644;0.9844
2024-10-25T00:00:00.0/2024-10-26T00:00:00.0;10285.2334;7197.4604;5271.0752;1926.3856;7149.2339;6785.4648;4369.0962;2416.3687;6123.0503;0.9844
2024-10-26T00:00:00.0/2024-10-27T00:00:00.0;10277.1406;7186.9028;5222.1187;1964.7844;7067.7026;5735.4453;3016.0212;2719.4241;3885.2839;0.9844
2024-10-27T00:00:00.0/2024-10-28T00:00:00.0;10268.7246;7228.1055;5450.4258;1777.6797;7425.4541;3548.3298;1125.9706;2422.3591;1504.2498;0.9844
2024-10-28T00:00:00.0/2024-10-29T00:00:00.0;10260.0410;7232.4434;5399.3237;1833.1195;7375.5483;5173.4805;2385.3665;2788.1143;3133.7871;0.9844
2024-10-29T00:00:00.0/2024-10-30T00:00:00.0;10251.1064;7168.1709;5223.4629;1944.7080;7146.1504;4799.9565;1668.5874;3131.3689;2664.8743;0.9844
2024-10-30T00:00:00.0/2024-10-31T00:00:00.0;10241.9355;7120.7129;5087.5146;2033.1979;6958.3325;3009.8818;351.1725;2658.7092;482.5190;0.9844
2024-10-31T00:00:00.0/2024-11-01T00:00:00.0;10232.5439;7213.2441;5622.6294;1590.6149;7773.7661;5152.5737;2320.0852;2832.4883;3620.8127;0.9844
2024-11-01T00:00:00.0/2024-11-02T00:00:00.0;10222.9482;7177.9790;5425.3149;1752.6642;7479.4932;5281.9668;2406.7637;2875.2031;3405.9424;0.9844
2024-11-02T00:00:00.0/2024-11-03T00:00:00.0;10213.1631;7178.6431;5472.4937;1706.1494;7618.6528;5959.5190;2902.7405;3056.7783;4266.2905;0.9844
2024-11-03T00:00:00.0/2024-11-04T00:00:00.0;10203.2061;7133.8647;5206.6768;1927.1880;7229.8960;4402.7734;1358.4445;3044.3291;1955.1417;0.9844
2024-11-04T00:00:00.0/2024-11-05T00:00:00.0;10193.0928;7159.3369;5406.6470;1752.6899;7505.4517;5743.9209;3161.3184;2582.6025;4187.3276;0.9844
2024-11-05T00:00:00.0/2024-11-06T00:00:00.0;10182.8408;7066.4854;5139.6709;1926.8142;7057.0747;6736.9346;4492.5996;2244.3350;6174.7661;0.9844
2024-11-06T00:00:00.0/2024-11-07T00:00:00.0;10172.4668;6990.8682;4781.6953;2209.1733;6597.3569;5462.5708;2493.1150;2969.4558;3336.4939;0.9844
2024-11-07T00:00:00.0/2024-11-08T00:00:00.0;10161.9873;7093.4160;5276.6992;1816.7170;7349.0200;2090.0906;339.7214;1750.3693;503.0866;0.9844
2024-11-08T00:00:00.0/2024-11-09T00:00:00.0;10151.4199;7113.8252;5652.0732;1461.7520;8024.1104;5977.6797;3283.2620;2694.4175;4458.9775;0.9844
2024-11-09T00:00:00.0/2024-11-10T00:00:00.0;10140.7812;7151.8125;5699.5342;1452.2782;8106.0913;2759.8372;700.0582;2059.7788;994.6175;0.9844
2024-11-10T00:00:00.0/2024-11-11T00:00:00.0;10130.0889;7109.4639;5472.8613;1636.6024;7703.5181;3566.5757;641.7306;2924.8450;1329.2659;0.9844
2024-11-11T00:00:00.0/2024-11-12T00:00:00.0;10119.3721;7134.8413;5604.0479;1530.7937;7891.3599;5609.1372;3137.7681;2471.3691;4518.8643;0.9844
2024-11-12T00:00:00.0/2024-11-13T00:00:00.0;10108.6465;6995.9214;5151.0132;1844.9082;7240.3354;6098.3579;3695.4165;2402.9414;4962.8691;0.9844
2024-11-13T00:00:00.0/2024-11-14T00:00:00.0;10097.9209;6955.5269;5065.0918;1890.4353;7075.1602;3899.0430;1059.7336;2839.3093;1501.9740;0.9844
2024-11-14T00:00:00.0/2024-11-15T00:00:00.0;10087.2119;6957.9648;5134.5815;1823.3834;7165.1191;6402.4365;3956.9646;2445.4719;5615.4170;0.9844
2024-11-15T00:00:00.0/2024-11-16T00:00:00.0;10076.5371;6856.2583;4829.9185;2026.3401;6717.9780;4765.6772;1469.6730;3296.0044;2202.2104;0.9844
2024-11-16T00:00:00.0/2024-11-17T00:00:00.0;10065.9121;6897.2827;4981.0010;1916.2820;6908.0127;5612.8013;2823.0603;2789.7410;4210.1929;0.9844
2024-11-17T00:00:00.0/2024-11-18T00:00:00.0;10055.4102;6954.2954;5155.0972;1799.1987;7219.6416;6826.3462;4886.3467;1939.9995;6863.4917;0.9844
2024-11-18T00:00:00.0/2024-11-19T00:00:00.0;10044.9287;6964.1968;5207.6650;1756.5315;7371.7588;6321.2388;4140.8066;2180.4319;5959.6396;0.9840
2024-11-19T00:00:00.0/2024-11-20T00:00:00.0;10034.5986;6948.1377;5125.9839;1822.1537;7296.7124;5473.4102;2963.8193;2509.5911;4134.0317;0.9844
2024-11-20T00:00:00.0/2024-11-21T00:00:00.0;10024.3867;6786.6079;4553.0391;2233.5691;6372.2930;3285.8933;723.1707;2562.7224;1138.3920;0.9844
2024-11-21T00:00:00.0/2024-11-22T00:00:00.0;10014.3633;6676.4604;4357.9658;2318.4946;6075.0674;4561.6108;1897.7131;2663.8979;2542.7913;0.9840
2024-11-22T00:00:00.0/2024-11-23T00:00:00.0;10004.4346;6758.7627;4549.6079;2209.1548;6363.0986;2187.5681;292.2262;1895.3419;453.6755;0.9840
2024-11-23T00:00:00.0/2024-11-24T00:00:00.0;9994.7334;6980.6484;5535.1934;1445.4551;7968.3691;6357.4834;4684.9204;1672.5626;6293.1030;0.9844
2024-11-24T00:00:00.0/2024-11-25T00:00:00.0;9985.2188;6890.2500;5165.4780;1724.7722;7413.9331;5965.0923;3506.6152;2458.4771;5091.2012;0.9844
2024-11-25T00:00:00.0/2024-11-26T00:00:00.0;9975.9277;6800.4023;4734.8872;2065.5149;6662.1411;6572.6582;4260.1357;2312.5227;6069.6426;0.9844
2024-11-26T00:00:00.0/2024-11-27T00:00:00.0;9966.8926;6846.0771;5015.1748;1830.9027;7133.0991;6175.2212;3773.5156;2401.7056;5449.8589;0.9844
2024-11-27T00:00:00.0/2024-11-28T00:00:00.0;9958.0938;6853.8335;5109.4854;1744.3483;7283.4883;3326.5095;977.3837;2349.1257;1820.9822;0.9844
2024-11-28T00:00:00.0/2024-11-29T00:00:00.0;9949.5615;6837.8838;5132.9023;1704.9814;7394.2202;6200.2202;3963.6821;2236.5383;5390.6348;0.9847
2024-11-29T00:00:00.0/2024-11-30T00:00:00.0;9941.3428;6816.5879;5084.6543;1731.9338;7290.5190;5903.2090;3635.4910;2267.7178;5016.8892;0.9844
2024-11-30T00:00:00.0/2024-12-01T00:00:00.0;9933.4023;6830.5435;5074.4976;1756.0459;7318.4932;2958.0649;897.5894;2060.4756;1852.0388;0.9844
2024-12-01T00:00:00.0/2024-12-02T00:00:00.0;9925.7920;6632.8784;4540.9067;2091.9714;6458.7437;4922.7529;2166.0676;2756.6855;3042.3123;0.9840
2024-12-02T00:00:00.0/2024-12-03T00:00:00.0;9918.5254;6523.8784;4122.4170;2401.4612;5812.5361;5802.5654;3133.5811;2668.9846;4347.6523;0.9844
2024-12-03T00:00:00.0/2024-12-04T00:00:00.0;9911.6357;6397.3584;3879.0264;2518.3320;5333.5005;4573.9390;1800.7898;2773.1492;2266.8271;0.9844
2024-12-04T00:00:00.0/2024-12-05T00:00:00.0;9905.0352;6682.1772;4723.6021;1958.5752;6760.6099;3797.1521;2157.7236;1639.4283;3170.3911;0.9844
2024-12-05T00:00:00.0/2024-12-06T00:00:00.0;9898.8418;6700.2041;4763.8081;1936.3960;6821.9258;6242.8960;3849.3406;2393.5552;5584.0093;0.9844
2024-12-06T00:00:00.0/2024-12-07T00:00:00.0;9893.0459;6654.3022;4546.7402;2107.5620;6486.9355;5847.5156;3253.1746;2594.3411;4553.9014;0.9840
2024-12-07T00:00:00.0/2024-12-08T00:00:00.0;9887.6562;6610.4927;4414.1665;2196.3262;6236.1831;2698.6377;625.9891;2072.6487;1018.8947;0.9844
2024-12-08T00:00:00.0/2024-12-09T00:00:00.0;9882.7090;6654.5474;4613.4082;2041.1389;6511.8271;5862.8320;3469.0850;2393.7471;4642.0767;0.9844
2024-12-09T00:00:00.0/2024-12-10T00:00:00.0;9878.1172;6743.3315;5062.3667;1680.9648;7260.1270;3283.9058;1052.8185;2231.0874;1365.7653;0.9844
2024-12-10T00:00:00.0/2024-12-11T00:00:00.0;9874.0312;6556.8921;4275.2876;2281.6045;6089.4209;5824.7622;3174.3262;2650.4358;4519.0508;0.9844
2024-12-11T00:00:00.0/2024-12-12T00:00:00.0;9870.3096;6297.8770;3749.5676;2548.3093;5282.4141;1821.0334;149.9635;1671.0699;203.5767;0.9844
2024-12-12T00:00:00.0/2024-12-13T00:00:00.0;9867.1133;6348.1562;3879.1953;2468.9612;5486.2915;4410.2676;1493.5824;2916.6853;2147.6765;0.9844
2024-12-13T00:00:00.0/2024-12-14T00:00:00.0;9864.3037;6483.5898;4250.6714;2232.9185;6002.5034;6329.5210;4000.3889;2329.1321;5589.0537;0.9844
2024-12-14T00:00:00.0/2024-12-15T00:00:00.0;9861.9844;6667.8682;4759.2529;1908.6152;6759.3726;6553.0552;4504.2554;2048.8003;6450.3271;0.9844
2024-12-15T00:00:00.0/2024-12-16T00:00:00.0;9860.1582;6575.0708;4367.5093;2207.5618;6297.4771;6099.5078;3765.1248;2334.3828;5046.2578;0.9840
2024-12-16T00:00:00.0/2024-12-17T00:00:00.0;9858.7920;6549.2227;4348.8164;2200.4062;6177.5703;5895.4180;3212.8647;2682.5532;4473.6118;0.9844
2024-12-17T00:00:00.0/2024-12-18T00:00:00.0;9857.9219;6451.0454;3956.8633;2494.1819;5561.2402;5225.6416;2490.7444;2734.8975;3165.1831;0.9840
2024-12-18T00:00:00.0/2024-12-19T00:00:00.0;9857.5244;6467.7031;4086.4412;2381.2617;5796.2197;2975.5256;261.2259;2714.2998;501.3952;0.9844
2024-12-19T00:00:00.0/2024-12-20T00:00:00.0;9857.6270;6413.7163;3937.9814;2475.7346;5542.8354;5773.9033;3006.8054;2767.0979;4180.9541;0.9840
2024-12-20T00:00:00.0/2024-12-21T00:00:00.0;9858.2109;6541.9131;4303.3320;2238.5813;6180.3516;2213.2100;330.6464;1882.5635;717.1245;0.9844
2024-12-21T00:00:00.0/2024-12-22T00:00:00.0;9859.2949;6433.1401;4193.3691;2239.7708;6033.2524;4096.3296;1110.4664;2985.8633;1739.2260;0.9840
2024-12-22T00:00:00.0/2024-12-23T00:00:00.0;9860.8643;5965.7261;3153.5198;2812.2061;4348.3301;5506.8726;2499.0610;3007.8115;3377.0308;0.9844
2024-12-23T00:00:00.0/2024-12-24T00:00:00.0;9862.9346;6151.1885;3343.8655;2807.3228;4682.9883;4294.3716;1102.7450;3191.6267;1652.6997;0.9840
2024-12-24T00:00:00.0/2024-12-25T00:00:00.0;9865.4883;6405.1123;3859.4365;2545.6755;5409.0869;6273.1108;3619.7756;2653.3352;5096.6479;0.9844
2024-12-25T00:00:00.0/2024-12-26T00:00:00.0;9868.5391;6431.7764;3914.1667;2517.6094;5552.5547;5985.5093;3194.0017;2791.5078;4577.3682;0.9840
2024-12-26T00:00:00.0/2024-12-27T00:00:00.0;9872.0693;6496.2773;4180.2056;2316.0720;5919.0908;1420.5298;61.3174;1359.2124;161.2927;0.9844
2024-12-27T00:00:00.0/2024-12-28T00:00:00.0;9876.0879;6199.7920;3584.2668;2615.5251;4961.5981;2989.3540;353.4869;2635.8669;528.6324;0.9840
2024-12-28T00:00:00.0/2024-12-29T00:00:00.0;9880.5811;6163.3760;3455.4351;2707.9409;4813.9912;5743.8789;2810.5498;2933.3289;3854.1506;0.9844
2024-12-29T00:00:00.0/2024-12-30T00:00:00.0;9885.5488;6138.3032;3267.3977;2870.9053;4510.9131;3244.8816;678.4872;2566.3945;844.4672;0.9840
2024-12-30T00:00:00.0/2024-12-31T00:00:00.0;9890.9824;6587.2612;4565.4736;2021.7876;6395.8057;5695.6123;2693.5833;3002.0291;4166.6484;0.9844
2024-12-31T00:00:00.0/2025-01-01T00:00:00.0;9896.8701;6378.2886;3941.7432;2436.5454;5550.5591;6279.5288;3766.6470;2512.8818;5296.4810;0.9840
2025-01-01T00:00:00.0/2025-01-02T00:00:00.0;9903.2168;6393.2852;3936.7632;2456.5217;5491.0132;6276.1108;3746.3950;2529.7161;5213.0640;0.9844
2025-01-02T00:00:00.0/2025-01-03T00:00:00.0;9909.9902;6111.4863;3141.9377;2969.5486;4365.9863;5580.9331;2409.5269;3171.4065;3309.2383;0.9844
2025-01-03T00:00:00.0/2025-01-04T00:00:00.0;9917.2139;6370.6631;3770.0254;2600.6377;5223.4536;5760.1807;2868.7192;2891.4614;3805.4285;0.9844
2025-01-04T00:00:00.0/2025-01-05T00:00:00.0;9924.8848;6467.3677;3979.2029;2488.1646;5567.6997;6240.7334;3604.1973;2636.5361;5043.9492;0.9844
2025-01-05T00:00:00.0/2025-01-06T00:00:00.0;9932.8896;6257.6299;3486.2148;2771.4148;4843.7065;5675.5063;2592.0342;3083.4722;3597.2144;0.9844
2025-01-06T00:00:00.0/2025-01-07T00:00:00.0;9941.3652;6374.1782;3902.4319;2471.7461;5343.4507;4224.7090;1119.8051;3104.9041;1796.5614;0.9844
2025-01-07T00:00:00.0/2025-01-08T00:00:00.0;9950.1484;6388.5479;3936.5364;2452.0115;5438.5610;5986.9038;3200.1533;2786.7507;4515.9429;0.9844
2025-01-08T00:00:00.0/2025-01-09T00:00:00.0;9959.3330;6305.2539;3775.2375;2530.0166;5215.1191;6219.6357;3673.0906;2546.5454;5000.9780;0.9844
2025-01-09T00:00:00.0/2025-01-10T00:00:00.0;9968.8818;6426.5635;4080.9360;2345.6277;5700.5708;5575.6689;2752.2917;2823.3772;3622.1770;0.9840
2025-01-10T00:00:00.0/2025-01-11T00:00:00.0;9978.7773;6651.5225;4626.9102;2024.6123;6494.1982;4747.8345;1854.6252;2893.2092;2905.8818;0.9844
2025-01-11T00:00:00.0/2025-01-12T00:00:00.0;9989.0303;6567.2676;4462.7949;2104.4722;6202.1685;3383.2573;664.0046;2719.2527;1271.3771;0.9844
2025-01-12T00:00:00.0/2025-01-13T00:00:00.0;9999.5176;6171.3423;3331.5334;2839.8088;4594.2310;2625.0681;313.6555;2311.4128;466.9319;0.9844
2025-01-13T00:00:00.0/2025-01-14T00:00:00.0;10010.3311;6569.4834;4338.5381;2230.9451;5973.1426;3624.7163;649.2515;2975.4648;1054.6068;0.9844
2025-01-14T00:00:00.0/2025-01-15T00:00:00.0;10021.4229;6505.2593;3982.5220;2522.7371;5475.2002;6096.9482;3287.9407;2809.0076;4553.5073;0.9844
2025-01-15T00:00:00.0/2025-01-16T00:00:00.0;10032.7939;6497.0972;3934.7236;2562.3735;5441.4717;5771.3457;2795.0510;2976.2947;3851.5269;0.9844
2025-01-16T00:00:00.0/2025-01-17T00:00:00.0;10044.3857;6296.7695;3641.4460;2655.3237;4962.9561;4447.1133;1285.3522;3161.7610;1769.6865;0.9844
2025-01-17T00:00:00.0/2025-01-18T00:00:00.0;10056.2119;6282.6465;3385.8865;2896.7600;4632.4248;3727.3098;823.8881;2903.4216;1196.8094;0.9844
2025-01-18T00:00:00.0/2025-01-19T00:00:00.0;10068.2588;6355.1499;3598.3247;2756.8250;4857.7554;5199.2192;1904.3241;3294.8955;2513.8601;0.9844
2025-01-19T00:00:00.0/2025-01-20T00:00:00.0;10080.4805;6440.4082;3831.4026;2609.0054;5166.0044;4178.6006;1088.6934;3089.9072;1566.7065;0.9844
2025-01-20T00:00:00.0/2025-01-21T00:00:00.0;10092.8662;6577.3726;4073.8208;2503.5518;5615.9502;5142.3027;1862.0504;3280.2522;2437.7883;0.9847
2025-01-21T00:00:00.0/2025-01-22T00:00:00.0;10105.4316;6760.6670;4604.5625;2156.1047;6361.0591;4146.9775;791.6898;3355.2878;1213.5710;0.9844
2025-01-22T00:00:00.0/2025-01-23T00:00:00.0;10118.1143;6496.4346;3862.0515;2634.3833;5286.2598;5677.6045;2537.2898;3140.3147;3505.4172;0.9844
2025-01-23T00:00:00.0/2025-01-24T00:00:00.0;10130.8984;6756.4976;4605.6724;2150.8252;6324.8662;1092.1930;21.5705;1070.6224;84.9304;0.9844
2025-01-24T00:00:00.0/2025-01-25T00:00:00.0;10143.7891;6852.4609;4926.7603;1925.7007;6855.2212;6714.4854;4615.1152;2099.3704;6470.4907;0.9844
2025-01-25T00:00:00.0/2025-01-26T00:00:00.0;10156.7656;6702.2622;4405.3013;2296.9607;6061.7998;5410.5532;2200.1433;3210.4099;3010.4382;0.9844
2025-01-26T00:00:00.0/2025-01-27T00:00:00.0;10169.7871;6727.6318;4434.5332;2293.0991;6092.7627;4445.0469;1727.9036;2717.1433;2677.4929;0.9844
2025-01-27T00:00:00.0/2025-01-28T00:00:00.0;10182.8350;6608.8467;4105.0781;2503.7686;5650.8154;6059.8618;3153.6650;2906.1968;4337.4312;0.9844
2025-01-28T00:00:00.0/2025-01-29T00:00:00.0;10195.8906;6780.4663;4591.5269;2188.9397;6286.5591;6283.3008;3739.5173;2543.7834;5089.9922;0.9844
2025-01-29T00:00:00.0/2025-01-30T00:00:00.0;10208.9609;6831.2617;4741.8564;2089.4053;6538.8960;4487.9136;1609.8690;2878.0447;2567.0461;0.9844
2025-01-30T00:00:00.0/2025-01-31T00:00:00.0;10222.0068;6533.7417;4013.7544;2519.9873;5377.0708;6078.5317;3317.9490;2760.5828;4431.7676;0.9840
2025-01-31T00:00:00.0/2025-02-01T00:00:00.0;10235.0029;6723.2051;4427.3535;2295.8518;6025.0181;6212.8750;3427.6116;2785.2637;4731.7998;0.9844
2025-02-01T00:00:00.0/2025-02-02T00:00:00.0;10247.9277;6489.6284;3843.0190;2646.6096;5178.6929;6064.1084;3182.8101;2881.2983;4236.2388;0.9844
2025-02-02T00:00:00.0/2025-02-03T00:00:00.0;10260.7646;6918.6514;4954.3677;1964.2836;6748.1777;6348.0459;3836.7874;2511.2585;5076.0684;0.9844
2025-02-03T00:00:00.0/2025-02-04T00:00:00.0;10273.4932;6721.4980;4291.6230;2429.8748;5789.8608;6317.7354;3566.5291;2751.2063;4856.3315;0.9844
2025-02-04T00:00:00.0/2025-02-05T00:00:00.0;10286.0967;6587.4956;3885.5959;2701.8994;5195.5518;5531.8979;2370.8928;3161.0051;3102.3228;0.9844
2025-02-05T00:00:00.0/2025-02-06T00:00:00.0;10298.5557;6611.5508;3759.4434;2852.1072;5045.5566;3453.0154;963.0168;2489.9985;1273.4421;0.9844
2025-02-06T00:00:00.0/2025-02-07T00:00:00.0;10310.8633;6789.7793;4318.8101;2470.9690;5808.3188;6016.6382;2742.6487;3273.9893;3778.6301;0.9844
2025-02-07T00:00:00.0/2025-02-08T00:00:00.0;10322.9902;6770.6719;4086.9500;2683.7219;5497.1230;5222.8301;1874.7898;3348.0400;2643.6946;0.9844
2025-02-08T00:00:00.0/2025-02-09T00:00:00.0;10334.9160;6693.7178;3826.9146;2866.8032;5206.2217;4642.9385;1287.1870;3355.7517;1733.8309;0.9844
2025-02-09T00:00:00.0/2025-02-10T00:00:00.0;10346.6240;6748.6665;4055.7124;2692.9541;5443.6162;3535.0872;459.5730;3075.5142;717.5048;0.9844
2025-02-10T00:00:00.0/2025-02-11T00:00:00.0;10358.0967;6780.1392;4357.4785;2422.6606;5836.4146;5390.2681;1834.7239;3555.5442;2303.9893;0.9844
2025-02-11T00:00:00.0/2025-02-12T00:00:00.0;10369.3164;6569.3301;3805.8518;2763.4783;5037.8804;5681.0933;2321.0457;3360.0474;3011.7793;0.9844
2025-02-12T00:00:00.0/2025-02-13T00:00:00.0;10380.2676;6484.7109;3420.2214;3064.4895;4486.9048;4494.5908;1191.4397;3303.1511;1544.1290;0.9844
2025-02-13T00:00:00.0/2025-02-14T00:00:00.0;10390.9346;6631.6694;3886.5056;2745.1638;5088.1479;5991.6641;2821.4670;3170.1970;3620.5957;0.9844
2025-02-14T00:00:00.0/2025-02-15T00:00:00.0;10401.2998;6732.5991;3992.3916;2740.2078;5218.2314;6078.6250;2844.5803;3234.0447;3713.7285;0.9844
2025-02-15T00:00:00.0/2025-02-16T00:00:00.0;10411.3486;6629.0229;3841.7292;2787.2937;5039.9111;6181.8325;3074.7979;3107.0347;4103.8384;0.9844
2025-02-16T00:00:00.0/2025-02-17T00:00:00.0;10421.0205;6794.0322;4104.1475;2689.8848;5501.9878;5304.5381;1796.3418;3508.1960;2352.3557;0.9847
2025-02-17T00:00:00.0/2025-02-18T00:00:00.0;10430.4512;6756.7466;4169.7168;2587.0298;5427.0112;5955.4800;2830.9216;3124.5583;3524.7461;0.9844
2025-02-18T00:00:00.0/2025-02-19T00:00:00.0;10439.4805;6383.3345;3326.2742;3057.0601;4339.4009;5701.2168;2296.4895;3404.7275;2921.8948;0.9844
2025-02-19T00:00:00.0/2025-02-20T00:00:00.0;10448.1348;6568.8149;3668.4189;2900.3960;4775.0239;6068.9854;2812.5557;3256.4297;3783.1812;0.9844
2025-02-20T00:00:00.0/2025-02-21T00:00:00.0;10456.4023;6696.8784;3940.8843;2755.9941;5127.5010;6117.7012;2995.0793;3122.6218;3894.4607;0.9792
2025-02-21T00:00:00.0/2025-02-22T00:00:00.0;10464.2705;6547.9678;3636.8555;2911.1125;4729.5557;5598.1636;2069.9216;3528.2422;2736.3948;0.9792
2025-02-22T00:00:00.0/2025-02-23T00:00:00.0;10471.7256;nan;nan;nan;nan;nan;nan;nan;nan;0.5000
